SMILES;y;B01[C-O];AATS0i;AATS0v;ATSC0s;AATS0d;O-056;BELv-1;GATS2s;ATS0Z;B01[C-N]
Clc1ccc2c(c1)Oc1cc(Cl)c(Cl)c(Cl)c1O2;3.3601514999999997;1;5.018706622219988;5.854968138007027;2.3327768997222527;1.745239453593162;0;14.705799994370905;0.6477090407167473;7.450660796211539;0
c1cc2ccc3cccc4ccc(c1)c2c34;3.3601514999999997;0;5.011631264025938;5.611598002110687;1.812901905801864;1.6094379124341005;0;20.201245032066108;0.6313825863050995;6.375024819828098;0
Clc1cc(Cl)c2c(c1Cl)Oc1ccccc1O2;2.8502376;1;5.023731403346322;5.79139311265233;2.3758555658664733;1.7047480922384253;0;14.705799994222975;0.6797065072262832;7.267525427828172;0
CCCCNC(=O)n1c(NC(=O)OC)nc2ccccc21;2.3601514999999997;1;5.1227350240499385;5.342232792766616;4.28425438086722;1.405342556090585;0;14.700619153505965;0.3888224141719545;6.814542897259956;1
Clc1c(Cl)c(Cl)c2c(c1Cl)Oc1ccccc1O2;3.3601514999999997;1;5.018706622219988;5.854968138007027;2.3327768997222527;1.745239453593162;0;14.705799994222927;0.6803509485969879;7.450660796211539;0
c1ccc2c(c1)-c1cccc3cccc-2c13;3.3601514999999997;0;5.011631264025938;5.611598002110687;1.812901905801864;1.6094379124341005;0;20.23092997068213;0.6609503531766959;6.375024819828098;0
Clc1cc2oc3cc(Cl)c(Cl)cc3c2cc1Cl;3.3601514999999997;1;5.007548591714603;5.8727631089561205;1.941069880120964;1.751268107873318;0;14.702564324285426;0.5966466077201676;7.412764017426562;0
ClC1=C(Cl)C2(Cl)C3C4C=CC(C4)C3C1(Cl)C2(Cl)Cl;3.3601514999999997;0;5.04487073557228;5.775590008414817;1.1092071172314293;1.7788560643921472;0;20.310595275796565;0.6922392017394576;7.684783943522785;0
Clc1ccc2c(c1)Oc1c(Cl)c(Cl)c(Cl)c(Cl)c1O2;3.3601514999999997;1;5.01365646510584;5.914741844873839;2.2877571851741965;1.7841548698428356;0;14.705799994222827;0.6699496299974227;7.605392364814935;0
Cc1ccc(O)c(C)c1;1.3601514;1;5.084336529707916;5.33306539865437;3.209002684018264;1.318240897874875;1;14.708164142027204;0.4160975397228487;5.8944028342648505;0
c1ccc2ccccc2c1;2.3601514999999997;0;5.034527144280848;5.5218694950367215;1.6192660013703628;1.4403615823901663;0;20.235412706093463;0.7061717475363503;5.910796644040527;0
Clc1cc(Cl)cc(Cl)c1;2.8502376;0;5.028255463165271;5.847946673981262;0.9763180640761648;1.5581446180465501;0;20.27777933060098;0.6764083639223484;6.99117688712121;0
Cc1cccc(C)c1;2.3601514999999997;0;5.075705399252201;5.3302930565235975;1.5894871260147518;1.2685113254635072;0;20.26687100360632;0.4882304934651836;5.700443573390688;0
CCCCC(C)=O;1.3601514;1;5.121526564776809;5.1105590956647715;3.5483057788640004;1.0628942060660302;0;14.702719807466295;0.4101241177180898;5.680172609017067;0
Oc1cc(Cl)cc(Cl)c1Cl;2.3601514999999997;1;5.045135148703678;5.818862440592272;3.0597974976245075;1.5939337258981352;1;14.708164103372507;0.4719593114379628;7.048386408721884;0
O=C(O)c1ccccc1O;1.3601514;1;5.07884685128561;5.474446118102912;4.128477568591558;1.4469189829363254;2;14.701218769238473;0.3971462037278368;6.1114673395026795;0
Oc1ccc(Cl)cc1;1.8502377;1;5.0616038458973645;5.5753317412972105;3.101711464522752;1.4240346891027376;1;14.708164355859873;0.4623026091969111;6.3543700407973525;0
CC(C)N(C(=O)SCC(Cl)=CCl)C(C)C;2.3601514999999997;1;5.106680744575606;5.3677292634854314;3.6334277046137617;1.261651915912614;0;14.702712952211206;0.4693397825368746;7.1891677384203225;1
Cc1cc(C)cc(C)c1;2.3601514999999997;0;5.0814519915051335;5.299663376678192;1.665007763588911;1.2729656758128876;0;20.261335275209134;0.359141036433926;5.8200829303523625;0
C=COCCCl;1.8502377;1;5.116708648923463;5.3154828671127365;2.2262031813760044;1.0726368022648491;0;14.706820588174644;0.7728302744192521;6.22455842927536;0
CC(CCl)OC(C)CCl;1.8502377;1;5.122417461674353;5.288613059674263;2.0758811105128463;1.1601701816675432;0;14.706821251591027;0.7641213147203341;6.769641976852503;0
ClC(Cl)(Cl)Cl;2.8502376;0;5.080698609609642;6.192117361438233;0.007296891538022702;1.6094379124341005;0;20.55402935148892;0.0;7.084226422097918;0
O=Cc1ccccc1;0.85023767;1;5.055571187753117;5.4870207647516525;3.4652397479892505;1.349926716949016;0;14.702720943036892;0.5534492730197588;5.777652323222656;0
C=CCCC;1.8502377;0;5.1152548555923305;5.0931045744618935;1.7635885922613583;0.9555114450274363;0;20.341366069496946;0.6366224401459281;5.25227342804663;0
CCCCCCCCCC;2.3601514999999997;0;5.122499348097112;5.0416112541089895;1.3545456628053103;1.01160091167848;0;20.387287012585922;0.7738585609431176;5.948034989180646;0
CC(=O)c1ccccc1;1.3601514;1;5.066365781792706;5.427847072832214;3.509494756993292;1.3411739258394209;0;14.702719481694839;0.4616820450100269;5.8888779583328805;0
Clc1ccccc1Cl;2.8502376;0;5.037361393452595;5.727221810365603;1.132412789214374;1.4663370687934272;0;20.278663331385115;0.7974043241746228;6.683360945766275;0
c1ccoc1;1.8502377;1;5.076075712748838;5.4253382738110725;1.8803128665695;1.2992829841302609;0;14.70256852774292;0.8214727386184641;5.3612921657094255;0
CC(C)c1ccccc1;2.3601514999999997;0;5.0814519915051335;5.299663376678192;1.7061900535553265;1.2459370034249682;0;20.27227704512081;0.5997131739138485;5.8200829303523625;0
ClC1C(Cl)C(Cl)C(Cl)C(Cl)C1Cl;3.3601514999999997;0;5.08113815135638;5.769956745343796;0.3794735778088035;1.5404450409471488;0;20.374796354045518;0.7177753518563134;7.579167967396076;0
Cc1cccc(C)c1N;1.8502377;0;5.0997716318058135;5.296658635603323;2.427748235948052;1.2947271675943999;0;15.596099893508663;0.4428795439584221;5.855071922202427;1
Cc1ccccc1O;0.85023767;1;5.078431392090155;5.3722875519895705;3.172249983528145;1.3217558399823195;1;14.708164300281085;0.4557777679222985;5.783825182329737;0
ClC(Cl)=C(Cl)Cl;2.3601514999999997;0;5.0458162595648215;6.1699306384817065;0.12872511421489433;1.5404450409471488;0;20.36810330416206;0.8109302162163288;7.113956109566034;0
Oc1cc(Cl)c(Cl)c(Cl)c1Cl;2.3601514999999997;1;5.036797963913557;5.921484274147009;3.0381610802901227;1.6691571471357227;1;14.708163983405859;0.4673746029257981;7.271703706887367;0
CC1CCCC1;1.8502377;0;5.1152548555923305;5.0931045744618935;0.9138185427287662;1.1349799328389845;0;20.38944448653507;0.6533684605101001;5.433722003554242;0
C1=CCC=CC1;1.8502377;0;5.0814519915051335;5.299663376678192;1.3121863889661685;1.1895840668738364;0;20.30726408586403;0.8741886786621528;5.416100402204419;0
C=CCC=C;1.8502377;0;5.097195413860894;5.209593109792231;2.079441541679836;0.990398704027877;0;20.327014994689428;0.6931471805599453;5.2417470150596435;0
CCCCCC(=O)O;1.3601514;1;5.127137667813906;5.126011850605486;3.9832060692843863;1.0986122886681098;1;14.701444983477788;0.27166195451818664;5.877735781779639;0
ClCCl;2.8502376;0;5.121518749134754;5.702866260017975;0.18658011836289706;0.9555114450274363;0;20.566678666228853;0.5747788198223951;6.424869023905388;0
ClCCOCOCCCl;1.8502377;1;5.129390871240285;5.321248588957936;2.4386441925808584;1.133098464739279;0;14.706085968169608;0.9661511636600794;6.799055862058796;0
Cc1ccccc1[N+](=O)[O-];2.3601514999999997;0;5.097398065132462;5.429165078706848;4.231260742858891;1.4152818979931427;0;14.651597392210652;0.2947527469924672;6.07993319509559;1
CCCCCCCCO;0.85023767;1;5.128215043458235;5.044865749132082;3.235040761721556;1.0216512475319812;1;14.70816500959184;0.6228090450592314;5.916202062607435;0
Oc1c(Cl)cccc1Cl;1.8502377;1;5.053403399165815;5.704492243738788;3.0809746008937613;1.5125880864441827;1;14.708164209544144;0.515624766062547;6.760414691083428;0
Oc1c(Cl)cc(Cl)cc1Cl;2.3601514999999997;1;5.045135148703678;5.818862440592272;3.0597974976245075;1.5939337258981352;1;14.708164089546035;0.5015905798414007;7.048386408721884;0
ClCCCl;2.8502376;0;5.119174384661333;5.515096054047563;0.32309853688137297;1.01160091167848;0;20.473509932801143;0.7731898882334817;6.4846352356352535;0
Clc1cc(Cl)c(Cl)cc1Cl;2.8502376;0;5.0190658523388665;5.955654436716862;0.7912569646216084;1.6422277352570909;0;20.276863787208647;0.7425034809119437;7.226209010100671;0
O=[N+]([O-])C(Cl)(Cl)Cl;0.85023767;0;5.161036319241249;5.924456504597317;4.00588988501732;1.6650077635889111;0;14.651598160149508;0.4015549737762279;6.985641817639206;1
C=C(C)C(=O)OC;1.3601514;1;5.115681987816727;5.234324836107412;3.621175434240485;1.1837700970084166;0;14.701398302088911;0.4668430704484512;5.758901773877279;0
CCCc1ccccc1;2.3601514999999997;0;5.0814519915051335;5.299663376678192;1.6381230604329589;1.2181574393178924;0;20.27364848883365;0.6797899146329693;5.8200829303523625;0
CCCCCCO;0.85023767;1;5.131887311355848;5.030644750139885;3.2112276040299434;0.9985288301111273;1;14.708165326394589;0.6311280057252278;5.68697535633982;0
CCCCOC(C)=O;1.3601514;1;5.127137667813906;5.126011850605486;3.648635995912971;1.0986122886681098;0;14.701469949877787;0.3822764101215832;5.877735781779639;0
C1CCCCC1;1.8502377;0;5.1152548555923305;5.0931045744618935;0.6931471805599453;1.0986122886681098;0;20.38052627611552;0.8823891801984737;5.433722003554242;0
CCCCCC;2.3601514999999997;0;5.126820985011193;5.009392466281953;1.1631508098056809;0.9555114450274363;0;20.396034016930926;0.7321493383632143;5.442417710521793;0
C=CCl;2.3601514999999997;0;5.098341990107255;5.487735899020652;1.447836045592359;0.9162907318741552;0;20.366653798757767;0.7580257288200287;5.899897353582492;0
OCc1ccccc1;0.85023767;1;5.078431392090155;5.3722875519895705;3.1739220423670518;1.2878542883066382;1;14.708165167685635;0.7138323732366184;5.783825182329737;0
Cc1ccc([N+](=O)[O-])cc1[N+](=O)[O-];2.3601514999999997;0;5.120308079677368;5.472339718862255;4.776958883617739;1.5214691394881434;0;14.65045727215734;0.31461567724353795;6.4183649359362125;1
Clc1ccc(Cl)c(Cl)c1;2.8502376;0;5.028255463165271;5.847946673981262;0.9763180640761648;1.5581446180465501;0;20.2777659314408;0.7579914983451302;6.99117688712121;0
Clc1cccc(Cl)c1Cl;2.8502376;0;5.028255463165271;5.847946673981262;0.9763180640761648;1.5581446180465501;0;20.277743629409986;0.7971008348588202;6.99117688712121;0
C1CCCCCCC1;1.8502377;0;5.1152548555923305;5.0931045744618935;0.8472978603872037;1.0986122886681098;0;20.380526276115546;0.8909729238898652;5.720311776607412;0
CC1CCCCC1;1.8502377;0;5.1152548555923305;5.0931045744618935;0.9788431550400968;1.1298648321722142;0;20.36798732386828;0.6827429250425125;5.58724865840025;0
Clc1ccccc1;2.8502376;0;5.046385153447815;5.5898953062018935;1.2673925871976757;1.3652409519220583;0;20.279596964502336;0.7855481955525879;6.2363695902037035;0
c1ccccc1;1.8502377;0;5.055328212878401;5.4306619687346185;1.3862943611198906;1.2527629684953678;0;20.28052627611552;0.7985076962177716;5.407171771460121;0
CC(Cl)CCl;2.8502376;0;5.118106944857156;5.416502377425697;0.7034135424608559;1.0986122886681098;0;20.42705985480653;0.5766421044126904;6.541029999189902;0
COC(=O)c1ccccc1C(=O)OC;1.8502377;1;5.086290242013775;5.422665760342162;4.187055969712209;1.4069136483226266;0;14.699679170282874;0.4840805562172753;6.440946540632923;0
Clc1c(Cl)c(Cl)c(Cl)c(Cl)c1Cl;3.3601514999999997;0;5.000429336393225;6.141486565905634;0.26933928442134736;1.791759469228055;0;20.275059318980734;0.7985076962177716;7.576097340623112;0
O=[N+]([O-])c1ccccc1;2.3601514999999997;0;5.093529769447931;5.488529100709318;4.177313387565026;1.4384801142904609;0;14.651597572982096;0.3223725479260064;5.988961416889862;1
CNC(=O)ON=CC(C)(C)SC;2.8502376;1;5.13197214998636;5.247424370859633;3.767332107442491;1.2417131323087829;0;14.696260456829624;0.35118288905853445;6.618738983517219;1
CCCCCCCC;2.3601514999999997;0;5.124163727116387;5.029341949931837;1.2636920390275583;0.990398704027877;0;20.390313050849873;0.7554044558002655;5.726847747587197;0
CCCOCCC;1.8502377;1;5.131887311355848;5.030644750139885;2.1087691567743563;0.9985288301111273;0;14.706821442357045;0.9285903143687152;5.68697535633982;0
C=Cc1ccccc1;1.8502377;0;5.055328212878401;5.4306619687346185;1.9095425048844383;1.2878542883066382;0;20.26874656699949;0.6637332953536519;5.6937321388027;0
Cc1ccccc1C;2.3601514999999997;0;5.075705399252201;5.3302930565235975;1.5894871260147518;1.2685113254635072;0;20.265963710420888;0.5552663791215948;5.700443573390688;0
Nc1ccccc1;1.8502377;0;5.093061867342515;5.372629994583424;2.310490272501159;1.292768303109067;0;15.596100318830983;0.4784902431230543;5.609471795184961;1
Cc1ccc(C)cc1;2.3601514999999997;0;5.075705399252201;5.3302930565235975;1.5894871260147518;1.2685113254635072;0;20.26706752264934;0.4980865979885609;5.700443573390688;0
Clc1cc(Cl)c(Cl)c(Cl)c1;2.8502376;0;5.0190658523388665;5.955654436716862;0.7912569646216084;1.6422277352570909;0;20.27685932212638;0.7153460549162112;7.226209010100671;0
O=C(O)COc1ccc(Cl)cc1Cl;1.8502377;1;5.073703482820365;5.621687590601582;3.945528408835683;1.498212277323876;1;14.701145282442221;0.3983141400451303;6.970730078143525;0
Oc1c(Cl)cc(Cl)c(Cl)c1Cl;2.3601514999999997;1;5.036797963913557;5.921484274147009;3.0381610802901227;1.6691571471357227;1;14.708163969923165;0.4978135286074597;7.271703706887367;0
C1CCCC1;1.8502377;0;5.1152548555923305;5.0931045744618935;0.6061358035703155;1.0986122886681098;0;20.418340911229304;0.8754687373538999;5.25227342804663;0
BrC(Br)Br;2.8502376;0;4.990989736894502;6.2421555722567925;0.06579159373876052;1.2809338454620642;0;20.573425869380923;0.059942119082186635;8.21959545417708;0
CCCN(CCC)C(=O)SCC;1.8502377;1;5.120425805221651;5.176646319092918;3.624896555393921;1.13036098698269;0;14.702713328364553;0.4895820073717485;6.569481420414296;1
ClCBr;2.3601514999999997;0;5.086799670319143;5.827806034269142;0.18887928940060367;0.9555114450274363;0;20.57105291357523;0.4207737721095346;7.347943823148688;0
Clc1ccc(Cl)c(Cl)c1Cl;2.8502376;0;5.0190658523388665;5.955654436716862;0.7912569646216084;1.6422277352570909;0;20.27684177858175;0.796583011283446;7.226209010100671;0
C#CCCCC;1.8502377;0;5.100606495668043;5.188760159449559;2.392197251683733;1.01160091167848;0;20.252348087133047;0.43923764001138665;5.424950017481403;0
C=CC=C;1.8502377;0;5.091713364984267;5.242048595813934;2.0014800002101243;0.9555114450274363;0;20.31424441002812;0.661398482245365;5.017279836814924;0
ClCC(Cl)CCl;2.8502376;0;5.108943516236841;5.591286224281792;0.3776184085441549;1.1856236656577397;0;20.432700540416995;0.6742456194353635;6.888572459565362;0
Clc1cccc(Cl)c1;2.8502376;0;5.037361393452595;5.727221810365603;1.132412789214374;1.4663370687934272;0;20.278681494891007;0.7516627171686038;6.683360945766275;0
CCCCCO;0.85023767;1;5.134632689380565;5.0198446900490215;3.1964029690161424;0.9808292530117264;1;14.708165484873927;0.6390619105783204;5.54907608489522;0
N#Cc1c(Cl)c(Cl)c(Cl)c(C#N)c1Cl;1.8502377;0;5.02175075714392;6.044437684124137;3.541167887870987;1.7676619176489945;0;15.578427804300144;0.3359037716797117;7.341483852363161;1
O=C(O)c1ccccc1;1.3601514;1;5.0680522571876985;5.4803339692814514;3.868264605119737;1.4028236630711006;1;14.701444692134276;0.3320547930117447;5.958424693029783;0
OC1CCCCC1;0.85023767;1;5.121526564776809;5.1105590956647715;3.1835213125300794;1.1664348850068709;1;14.708165349293315;0.5553327302531588;5.680172609017067;0
COc1ccccc1O;1.3601514;1;5.087888333420653;5.372843479862655;3.2914700468379885;1.3411739258394209;1;14.706006012587327;0.5860260725428281;5.963579343618448;0
ClC(Cl)C(Cl)Cl;2.8502376;0;5.093797536723286;5.904368550406232;0.1614400059528335;1.3862943611198906;0;20.467529916646427;0.7731898882334817;7.115582126184454;0
ClC(Cl)Br;2.3601514999999997;0;5.065876647935307;6.073482698799982;0.110552773841706;1.2809338454620642;0;20.56466552737676;0.7623721856801371;7.518064181233077;0
CCc1ccccc1;2.3601514999999997;0;5.075705399252201;5.3302930565235975;1.5771315118384033;1.236762627148927;0;20.273585504947704;0.6859093186990286;5.700443573390688;0
Brc1ccccc1;2.8502376;0;5.030939030620831;5.6501263311075185;1.311343258579736;1.3652409519220583;0;20.28020702859298;0.7993001879634064;7.277247726631483;0
Oc1c(Cl)c(Cl)cc(Cl)c1Cl;2.3601514999999997;1;5.036797963913557;5.921484274147009;3.0381610802901227;1.6691571471357227;1;14.708163970265273;0.4978135286074597;7.271703706887367;0
Cc1ccccc1;2.3601514999999997;0;5.067604283823946;5.3716571265596365;1.4999536795924118;1.2622417124499117;0;20.273157093326603;0.6286086594223741;5.564520407322693;0
COc1c(O)c(Cl)c(Cl)c(Cl)c1Cl;2.3601514999999997;1;5.063254303225607;5.789171710755872;3.221176984666115;1.6094379124341005;1;14.706005901913226;0.6009011652682087;7.340186835320115;0
Clc1cc(Cl)c(Cl)c(Cl)c1Cl;2.8502376;0;5.009791008703598;6.052881001811085;0.563975523118373;1.7197859696029656;0;20.27595282389486;0.7541763617761302;7.416378479192928;0
FC(Cl)(Cl)Cl;3.3601514999999997;0;5.236257477069562;6.048541132750173;3.6023948120501266;1.6094379124341005;0;13.304125144836291;0.8068431638876465;6.892641641172088;0
CCCCCOC(C)=O;1.3601514;1;5.12559572000261;5.121780512540955;3.667579329316258;1.0986122886681098;0;14.70146967706753;0.3761376468754769;5.978885764901122;0
c1ccc2ncccc2c1;1.8502377;0;5.054300426798648;5.530724350066464;1.8882572976280358;1.4708517491479538;0;15.589506533039494;0.6997851073560731;5.942799375126701;1
CCCCC;2.3601514999999997;0;5.128848252047331;4.993863844901576;1.1083684636134743;0.9279867716373464;0;20.401121025536725;0.7184287560037866;5.2626901889048865;0
ClC(Cl)C(Cl)(Cl)Cl;2.8502376;0;5.080863460405765;6.053844198545362;0.09809719014024508;1.5841201044498106;0;20.464508797222347;0.6451394133655075;7.325807502595773;0
O=C1CCCCC1;1.3601514;1;5.108577992442331;5.2012004364195255;3.5190288305740967;1.2098379237783339;0;14.702720127196825;0.3994420348825306;5.673323267171493;0
c1ccc2sccc2c1;2.3601514999999997;0;5.0089407783553135;5.631549817236958;1.560937143971425;1.4966424182887557;0;20.259955082799166;0.7469900451343686;6.311734809152916;0
ClC(Cl)(Cl)C(Cl)(Cl)Cl;2.8502376;0;5.067759899234316;6.183854918344456;0.013638284464919263;1.749199854809259;0;20.461585577452727;0.7731898882334819;7.499423290592227;0
COc1ccc(C(c2ccc(OC)cc2)C(Cl)(Cl)Cl)cc1;2.3601514999999997;1;5.067130325998601;5.5459606688881316;2.7393434783621715;1.4727268668921982;0;14.705532984839925;0.7946096525335944;7.369600720526409;0
Clc1cccc2c1Oc1ccccc1O2;2.8502376;1;5.033705848823088;5.650660003456001;2.456812373667692;1.6184877479540185;0;14.705799994371214;0.6688556809035363;6.753437918597782;0
CCCN(CCC)c1c([N+](=O)[O-])cc(C(F)(F)F)cc1[N+](=O)[O-];2.3601514999999997;0;5.180370318315113;5.344503077138519;5.479503128999079;1.4544321662871087;0;13.302784649608714;0.27600761230119336;7.030857476116121;1
Clc1cc(-c2c(Cl)c(Cl)c(Cl)c(Cl)c2Cl)c(Cl)c(Cl)c1Cl;3.3601514999999997;0;4.992867707113954;6.0858471471676525;0.6985881441281522;1.8142323250801136;0;20.254066423273585;0.6838626573257213;8.017966703493599;0
Clc1ccc(-c2c(Cl)cc(Cl)c(Cl)c2Cl)c(Cl)c1Cl;3.3601514999999997;0;5.003153198312828;5.982934034064506;1.067704875473913;1.7372712839439852;0;20.254699905877988;0.7254158302749144;7.807510042216192;0
ClC1=C(Cl)C2(Cl)C3C(Cl)C(Cl)CC3C1(Cl)C2(Cl)Cl;3.3601514999999997;0;5.050583545835955;5.867109865965648;0.6239846555678609;1.791759469228055;0;20.318083190302943;0.6279424573331224;7.893198869544609;0
c1ccc2c(c1)Oc1ccccc1O2;2.3601514999999997;1;5.038656009374812;5.572094287974883;2.494956985641502;1.5723966407537513;0;14.705799994519305;0.653395708480682;6.343880434126331;0
Clc1ccc2c(c1)Oc1ccc(Cl)cc1O2;2.8502376;1;5.0287310622284735;5.723500243677693;2.417153614536431;1.6625477377480486;0;14.705799994519095;0.6323160748673683;7.0431599159883405;0
Clc1cc(Cl)c(-c2c(Cl)cc(Cl)cc2Cl)c(Cl)c1;3.3601514999999997;0;5.008256542283446;5.927212475751176;1.2112167367748428;1.69644928942373;0;20.254878740485466;0.6778215220971098;7.6829431698782935;0
CCCN(CCC)c1c([N+](=O)[O-])cc(C(C)C)cc1[N+](=O)[O-];2.3601514999999997;0;5.126018305600353;5.265356208847652;4.9931332283544005;1.3408319870431331;0;14.650457272167685;0.2575441360908477;6.874198495453294;1
Clc1ccc2c(c1)Oc1ccccc1O2;2.8502376;1;5.033705848823088;5.650660003456001;2.456812373667692;1.6184877479540185;0;14.705799994519221;0.6433592357760963;6.753437918597782;0
c1ccc2cc3ccccc3cc2c1;2.8502376;0;5.023962070564454;5.5645322317738435;1.8070737042010976;1.5224265354444708;0;20.218808455321888;0.6460827990977828;6.2441669006637355;0
Clc1ccc2c(c1)Oc1cc(Cl)ccc1O2;2.8502376;1;5.0287310622284735;5.723500243677693;2.41715361453643;1.6625477377480486;0;14.705799994519124;0.6323160748673685;7.0431599159883405;0
Clc1c(Cl)c(Cl)c(-c2c(Cl)c(Cl)c(Cl)c(Cl)c2Cl)c(Cl)c1Cl;3.3601514999999997;0;4.987685015799025;6.133586588139735;0.4459661466091112;1.8505999692509885;0;20.25360456405401;0.7272801869294039;8.108623268354595;0
Clc1ccc2oc3ccc(Cl)cc3c2c1;2.8502376;1;5.018165072964103;5.73719237882466;2.0629783146293117;1.6650077635889111;0;14.702564547834713;0.6151272904999034;6.985641817639206;0
Nc1ccc(-c2ccc(N)c(Cl)c2)cc1Cl;1.8502377;0;5.074093369882204;5.583150750033238;2.8443403211353595;1.5125880864441827;0;15.595142725822331;0.446503405558934;7.020190708311925;1
O=C1C2CC=CCC2C(=O)N1SC(Cl)(Cl)Cl;1.3601514;1;5.074767781268867;5.656735693503454;4.14656810378431;1.5926307941177191;0;14.701791935132633;0.4189088830332324;7.398174092970465;1
CCOP(=S)(OCC)Oc1ccc([N+](=O)[O-])cc1;1.8502377;1;5.099215998242063;5.419035530927651;4.462078187049738;1.401798547655856;0;14.651538936499385;0.3725436201694623;7.110696122978827;1
Clc1ccc(-c2ccccc2Cl)cc1Cl;3.3601514999999997;0;5.023412145835048;5.738579359291504;1.5484341710825051;1.5629178967992077;0;20.25625018693063;0.7234947448193442;7.175489713624223;0
Clc1cc(Cl)c(-c2ccccc2)cc1Cl;3.3601514999999997;0;5.023412145835048;5.738579359291504;1.5484341710825051;1.5629178967992077;0;20.256219294717244;0.7149709778452891;7.175489713624223;0
Clc1ccccc1-c1cc(Cl)c(Cl)c(Cl)c1Cl;3.3601514999999997;0;5.013333974315962;5.8682018524500545;1.3366904332538605;1.6538896750049343;0;20.255418206588896;0.7301375600174399;7.540621528657152;0
O=C(O)COc1cc(Cl)c(Cl)cc1Cl;1.8502377;1;5.068167502489134;5.707921116594875;3.9365424477309356;1.5553706911638243;1;14.701145149720967;0.3938884562028572;7.210079628170787;0
c1ccc(Oc2ccccc2)cc1;1.8502377;1;5.0473892211696905;5.500802213473297;2.284303048156597;1.4183826756713909;0;14.70681928863035;0.6511290993884516;6.228511003591184;0
CCOP(=S)(OCC)Oc1nc(Cl)c(Cl)cc1Cl;1.8502377;1;5.0866627482561775;5.592083542907397;3.005769814282827;1.4689860769650045;0;14.7073679332885;0.687196478764168;7.562681246721884;1
CCc1cccc2ccccc12;2.3601514999999997;0;5.055328212878401;5.4306619687346185;1.7900218493295144;1.3862943611198906;0;20.23224111491845;0.6534836480988703;6.09807428216624;0
Clc1ccccc1-c1ccccc1Cl;2.8502376;0;5.028413397165237;5.666869291197611;1.6395624974233094;1.5141277326297755;0;20.2563706037447;0.7515497474846761;6.926577033222724;0
Clc1ccc(-c2ccccc2)c(Cl)c1;2.8502376;0;5.028413397165237;5.666869291197611;1.6395624974233094;1.5141277326297755;0;20.25656069796695;0.7213832976183596;6.926577033222724;0
CC(C)N(C(=O)SCC(Cl)=C(Cl)Cl)C(C)C;1.3601514;1;5.103504131200035;5.434390992419617;3.621531396262171;1.304948721665938;0;14.70271283618749;0.4690630288937094;7.385851078125207;1
Clc1cc(Cl)c(-c2ccccc2)c(Cl)c1;3.3601514999999997;0;5.023412145835048;5.738579359291504;1.5484341710825051;1.5629178967992077;0;20.256061299524305;0.7146538832164251;7.175489713624223;0
Clc1ccc(-c2ccc(Cl)cc2)cc1;2.8502376;0;5.028413397165237;5.666869291197611;1.6395624974233094;1.5141277326297755;0;20.256781914848908;0.7058091272096995;6.926577033222724;0
Cc1cc(Cl)ccc1OC(C)C(=O)O;1.8502377;1;5.087979229423032;5.438989068104125;4.0283656301113995;1.4060969884160703;1;14.701144860099278;0.3586978118995577;6.748759547491679;0
c1cc2c3c(cccc3c1)CC2;2.8502376;0;5.038341482019861;5.505893141931171;1.6154802268900634;1.5141277326297755;0;20.23118551126104;0.626936418230012;6.0935697700451374;0
CNC(=O)Oc1cccc2c1OC(C)(C)C2;1.8502377;1;5.1018100479318536;5.3412448320252945;3.7920096619025183;1.433547245970436;0;14.701176621599851;0.3615658292415193;6.5352412710136605;1
Clc1ccccc1-c1ccccc1;2.8502376;0;5.033389760400559;5.589616890276757;1.72307311433826;1.4628344382422251;0;20.25684749266914;0.7405450097493202;6.594413459749777;0
CCOC(=O)CC(SP(=S)(OC)OC)C(=O)OCC;1.3601514;1;5.103824717232411;5.343647483200754;4.4209575592841;1.2968877734043058;0;14.699769765815713;0.536675401513371;7.313886831633463;0
CCc1cccc(C)c1N(C(=O)CCl)C(C)COC;2.3601514999999997;1;5.105414031618552;5.305324780258879;3.7587613445960297;1.3037077701106166;0;14.702493769602196;0.5323137005746493;6.9363427358340495;1
c1ccc(Nc2ccccc2)cc1;1.3601514;0;5.062296071717155;5.468664421065866;1.9846665195790048;1.396657148155437;0;15.59451543154167;0.6651631175665861;6.200509174042691;1
Clc1ccc(Cl)c(-c2ccc(Cl)c(Cl)c2Cl)c1;3.3601514999999997;0;5.013333974315962;5.8682018524500545;1.3366904332538607;1.6538896750049343;0;20.25545212596548;0.7181130097253157;7.540621528657152;0
Clc1ccc(-c2ccccc2)cc1;2.8502376;0;5.033389760400559;5.589616890276757;1.72307311433826;1.4628344382422251;0;20.257055527878144;0.7199359876755981;6.594413459749777;0
CON(C)C(=O)Nc1ccc(Cl)c(Cl)c1;2.3601514999999997;1;5.110788823599031;5.4930353322591685;3.6513707390661603;1.4350845252893227;0;14.69678588126697;0.4926816901917119;7.037905963447182;1
Clc1cccc(-c2cccc(Cl)c2Cl)c1Cl;3.3601514999999997;0;5.01838575621442;5.805489386008848;1.4481579179041049;1.6094379124341005;0;20.25572458872465;0.7456145911659108;7.374629015218946;0
CNC(=O)Oc1cccc2ccccc12;1.8502377;1;5.076079433826371;5.462236618281089;3.659719076764156;1.4514336632908518;0;14.701462054122635;0.3800129316224681;6.431331081933478;1
CN(C)C(=O)Nc1ccc(Cl)c(Cl)c1;2.3601514999999997;1;5.105585811277408;5.497415906415374;3.567428819615953;1.4271163556401456;0;14.702706255116134;0.4055917700490052;6.980075940561763;1
O=NN(c1ccccc1)c1ccccc1;2.3601514999999997;0;5.0760834525745535;5.500614638387848;3.5932247705305533;1.4539530095937052;0;14.662606856608353;0.3343056612538874;6.405228458030843;1
Clc1ccc(-c2ccc(Cl)c(Cl)c2)cc1Cl;3.3601514999999997;0;5.01838575621442;5.805489386008848;1.4481579179041046;1.6094379124341005;0;20.256132839916987;0.6865238514314714;7.374629015218946;0
c1ccc2c(c1)oc1ccccc12;2.3601514999999997;1;5.02867002752399;5.580316096756078;2.171620320635598;1.5705980791178364;0;14.702564772398718;0.6460312345856929;6.22455842927536;0
CNC(=O)Oc1ccccc1OC(C)C;1.8502377;1;5.1091920400304724;5.3061910525375655;3.7910891779028666;1.3261904370501851;0;14.701176943346644;0.40200241424493854;6.481577129276433;1
Clc1ccc(Cl)c(-c2ccccc2Cl)c1;3.3601514999999997;0;5.023412145835048;5.738579359291504;1.5484341710825051;1.5629178967992077;0;20.25605135989986;0.7316347144280949;7.175489713624223;0
CCNc1nc(Cl)nc(NC(C)C)n1;1.8502377;0;5.155675562915559;5.29327780722908;2.64513033135516;1.3312345839368631;0;15.581893924319804;0.3692285864430692;6.7298240704894745;1
c1ccc2c(c1)Cc1ccccc1-2;2.8502376;0;5.030864982622023;5.536916029458238;1.723887432449123;1.5184661342283736;0;20.25733644948804;0.6827050565112603;6.171700597410915;0
Clc1ccc(-c2ccc(Cl)cc2Cl)c(Cl)c1;3.3601514999999997;0;5.01838575621442;5.805489386008848;1.4481579179041049;1.6094379124341005;0;20.255823613506013;0.7056406743785458;7.374629015218946;0
Clc1cc2c(c(Cl)c1Cl)Oc1c(Cl)c(Cl)c(Cl)c(Cl)c1O2;3.3601514999999997;1;5.003478988541364;6.024532721390313;2.1911348435101132;1.8577174370198524;0;14.705799994074605;0.6914385612437768;7.85748078694253;0
c1ccc2cc3c(ccc4ccccc43)cc2c1;3.3601514999999997;0;5.017569029853523;5.589282688813932;1.964778633359696;1.5686159179138452;0;20.20831357497121;0.6392514123548131;6.493753839851687;0
Clc1c(Cl)c(Cl)c2c(oc3c(Cl)c(Cl)c(Cl)c(Cl)c32)c1Cl;3.3601514999999997;1;4.985971397269183;6.098754763829625;1.6408747448192842;1.9042374526547448;0;14.70256384160744;0.6834239747268741;7.940583827104244;0
